<project name="paramnames-main" default="build" basedir="..">
	<property name="src.main"		value="src/main/java" />
	<property name="classes.main"	value="build/classes" />
	<property name="libdir"			value="lib" />

	<path id="source.path">
		<pathelement path="${src.main}/" />
	</path>
	<path id="project.classpath">
		<pathelement path="${java.class.path}"/>
		<fileset dir="${libdir}">
			<include name="javassist-3.0.jar.jar" />
		</fileset>
	</path>

	<target name="build">
		<antcall target="enhance"/>
	</target>

	<target name="enhance">
		<javadoc
			doclet="org.seasar.diigu.ParameterNameDoclet"
			packagenames="*"
			sourcepathref="source.path"
			classpathref="project.classpath"
			docletpathref="project.classpath"
			docletpath="${classes.main}"/>
	</target>
</project>